knob,knob_value,knob_label,model,covariates_used,multivariate_used,n_origins,mae_mean,mae_std,rmse_mean,rmse_std,smape_mean,smape_std,pinball_mean,pinball_std,coverage_mean,coverage_std,mase_mean,spike_f1_mean_signal,spike_precision,spike_recall,spike_f1_q90_signal
multivariate,False,单变量（逐节点独立）,Naive,False,False,10,25.13449768518519,12.613593788977232,29.44403458267423,13.44615603021483,56.41998737889459,13.484616184019579,9.803140421845765,2.4573111312895146,0.9152777777777776,0.09810118548005722,1.7989399642203545,0.2150537634408602,0.1388888888888889,0.47619047619047616,0.10759493670886076
multivariate,False,单变量（逐节点独立）,SeasonalNaive,False,False,10,13.971837962962965,6.613156743573851,22.04108870203896,11.811807493653207,32.30142774272426,9.633178985025868,5.61442508221678,2.1944882668353665,0.8944444444444445,0.07114582486036501,1.0,0.3516483516483516,0.32653061224489793,0.38095238095238093,0.28820960698689957
multivariate,False,单变量（逐节点独立）,ETS,False,False,10,25.72223374485396,10.702799072585183,29.007913647869877,9.938537557284567,95.73181518366987,50.969776149088005,7.665896716621144,2.8057434639525445,0.7444444444444444,0.24400212506664165,1.8410057297428837,0.48543689320388356,0.4098360655737705,0.5952380952380952,0.28776978417266186
multivariate,False,单变量（逐节点独立）,Theta,False,False,10,14.18580451077347,4.486249713886389,19.388329634615214,5.5279154314522065,39.662056894731336,10.603204555864867,5.3094651135120206,1.0118389129891647,0.8902777777777778,0.08902983616965193,1.015314130351189,0.4545454545454545,0.43478260869565216,0.47619047619047616,0.2869565217391304
multivariate,False,单变量（逐节点独立）,RandomForest,False,False,10,24.718263364333378,16.06291080750379,31.23637382591276,22.390387606801344,53.281565556727585,16.722402693387114,11.32414457102443,7.976397759233303,0.1388888888888889,0.09820927516479827,1.7691490146004707,0.2,0.15384615384615385,0.2857142857142857,0.19402985074626866
multivariate,False,单变量（逐节点独立）,LightGBM,False,False,10,19.516113059637256,6.7426958200797085,23.564001499068258,7.64429184929119,49.026579327498354,13.596031950272037,7.7977849140455815,3.218426443027877,0.29999999999999993,0.13611111111111113,1.396817878318604,0.24137931034482757,0.4375,0.16666666666666666,0.32
multivariate,False,单变量（逐节点独立）,XGBoost,False,False,10,23.862273549592054,9.986914169360455,29.123877579892063,11.355783575593964,54.353025592919835,14.709038932514973,11.834921827664797,4.993610346102172,0.005555555555555555,0.009212846639876109,1.7078836451472599,0.16417910447761191,0.11956521739130435,0.2619047619047619,0.16176470588235295
multivariate,False,单变量（逐节点独立）,TimesFM,False,False,10,10.666119878009516,4.498735940378542,15.369181349758117,5.809085805194629,27.940167603125055,6.931927056898081,3.448688429899422,1.2181251532894548,0.7430555555555556,0.11854473812983689,0.7634013439236583,0.36363636363636365,0.7692307692307693,0.23809523809523808,0.43076923076923074
multivariate,False,单变量（逐节点独立）,Chronos2,False,False,10,12.440250979317558,5.077548327947958,17.15658511261769,6.561353941648414,32.15225769333377,5.743409979734224,3.917204035314513,1.632003599406699,0.6902777777777779,0.1355216829264228,0.8903804218381725,0.3835616438356164,0.45161290322580644,0.3333333333333333,0.38202247191011235
multivariate,False,单变量（逐节点独立）,Toto,False,False,10,20.784355665293003,10.010545161184114,47.544199582228366,37.973785288019364,42.412210798557894,9.098849666653708,5.361948119671349,2.213243921295801,0.8430555555555556,0.10188236075051837,1.4875892291614672,0.4705882352941176,0.46511627906976744,0.47619047619047616,0.3402061855670103
multivariate,True,多变量（联合建模）,Naive,False,False,10,25.13449768518519,12.613593788977232,29.44403458267423,13.44615603021483,56.41998737889459,13.484616184019579,9.803140421845765,2.4573111312895146,0.9152777777777776,0.09810118548005722,1.7989399642203545,0.2150537634408602,0.1388888888888889,0.47619047619047616,0.10759493670886076
multivariate,True,多变量（联合建模）,SeasonalNaive,False,False,10,13.971837962962965,6.613156743573851,22.04108870203896,11.811807493653207,32.30142774272426,9.633178985025868,5.61442508221678,2.1944882668353665,0.8944444444444445,0.07114582486036501,1.0,0.3516483516483516,0.32653061224489793,0.38095238095238093,0.28820960698689957
multivariate,True,多变量（联合建模）,ETS,False,False,10,25.72223374485396,10.702799072585183,29.007913647869877,9.938537557284567,95.73181518366987,50.969776149088005,7.665896716621144,2.8057434639525445,0.7444444444444444,0.24400212506664165,1.8410057297428837,0.48543689320388356,0.4098360655737705,0.5952380952380952,0.28776978417266186
multivariate,True,多变量（联合建模）,Theta,False,False,10,14.18580451077347,4.486249713886389,19.388329634615214,5.5279154314522065,39.662056894731336,10.603204555864867,5.3094651135120206,1.0118389129891647,0.8902777777777778,0.08902983616965193,1.015314130351189,0.4545454545454545,0.43478260869565216,0.47619047619047616,0.2869565217391304
multivariate,True,多变量（联合建模）,RandomForest,False,False,10,24.718263364333378,16.06291080750379,31.23637382591276,22.390387606801344,53.281565556727585,16.722402693387114,11.32414457102443,7.976397759233306,0.1388888888888889,0.09820927516479827,1.7691490146004707,0.2,0.15384615384615385,0.2857142857142857,0.19402985074626866
multivariate,True,多变量（联合建模）,LightGBM,False,False,10,19.516113059637256,6.7426958200797085,23.564001499068258,7.64429184929119,49.026579327498354,13.596031950272037,7.7977849140455815,3.218426443027877,0.29999999999999993,0.13611111111111113,1.396817878318604,0.24137931034482757,0.4375,0.16666666666666666,0.32
multivariate,True,多变量（联合建模）,XGBoost,False,False,10,23.862273549592054,9.986914169360455,29.123877579892063,11.355783575593964,54.353025592919835,14.709038932514973,11.834921827664797,4.993610346102172,0.005555555555555555,0.009212846639876109,1.7078836451472599,0.16417910447761191,0.11956521739130435,0.2619047619047619,0.16176470588235295
multivariate,True,多变量（联合建模）,TimesFM,False,False,10,10.666119878009516,4.498735940378542,15.369181349758117,5.809085805194629,27.940167603125055,6.931927056898081,3.448688429899422,1.2181251532894548,0.7430555555555556,0.11854473812983689,0.7634013439236583,0.36363636363636365,0.7692307692307693,0.23809523809523808,0.43076923076923074
multivariate,True,多变量（联合建模）,Chronos2,False,True,10,12.324121691668475,5.142430901640388,16.91670433136091,6.829816862678349,31.765047966426426,5.37908493614954,3.888459585048534,1.667478835028329,0.7069444444444445,0.1273619441388,0.8820687531832022,0.37837837837837834,0.4375,0.3333333333333333,0.39306358381502887
multivariate,True,多变量（联合建模）,Toto,False,True,10,27.44887890405346,27.245616606594183,106.7385568463674,213.53509130422327,44.21106735538587,6.551098890055642,6.427071463868458,4.694769309724072,0.861111111111111,0.11023963796102462,1.9645861179335105,0.41463414634146345,0.425,0.40476190476190477,0.3756345177664974
